[{"model": "admin.logentry", "pk": 1, "fields": {"action_time": "2023-07-09T13:59:18.200Z", "user": 1, "content_type": 13, "object_id": "1", "object_repr": "Project object (1)", "action_flag": 1, "change_message": "[{\"added\": {}}]"}}, {"model": "admin.logentry", "pk": 2, "fields": {"action_time": "2023-07-09T14:08:15.470Z", "user": 1, "content_type": 12, "object_id": "40", "object_repr": "PostIdea object (40)", "action_flag": 2, "change_message": "[{\"changed\": {\"fields\": [\"\\u041f\\u0440\\u043e\\u0435\\u043a\\u0442\"]}}]"}}, {"model": "admin.logentry", "pk": 3, "fields": {"action_time": "2023-07-09T14:08:51.492Z", "user": 1, "content_type": 12, "object_id": "12", "object_repr": "PostIdea object (12)", "action_flag": 2, "change_message": "[{\"changed\": {\"fields\": [\"\\u041f\\u0440\\u043e\\u0435\\u043a\\u0442\"]}}]"}}, {"model": "admin.logentry", "pk": 4, "fields": {"action_time": "2023-07-09T14:08:57.245Z", "user": 1, "content_type": 12, "object_id": "11", "object_repr": "PostIdea object (11)", "action_flag": 2, "change_message": "[{\"changed\": {\"fields\": [\"\\u041f\\u0440\\u043e\\u0435\\u043a\\u0442\"]}}]"}}, {"model": "admin.logentry", "pk": 5, "fields": {"action_time": "2023-07-09T14:09:06.112Z", "user": 1, "content_type": 12, "object_id": "10", "object_repr": "PostIdea object (10)", "action_flag": 2, "change_message": "[{\"changed\": {\"fields\": [\"\\u041f\\u0440\\u043e\\u0435\\u043a\\u0442\"]}}]"}}, {"model": "admin.logentry", "pk": 6, "fields": {"action_time": "2023-07-09T14:09:13.737Z", "user": 1, "content_type": 12, "object_id": "9", "object_repr": "PostIdea object (9)", "action_flag": 2, "change_message": "[{\"changed\": {\"fields\": [\"\\u041f\\u0440\\u043e\\u0435\\u043a\\u0442\"]}}]"}}, {"model": "admin.logentry", "pk": 7, "fields": {"action_time": "2023-07-09T14:19:31.980Z", "user": 1, "content_type": 13, "object_id": "2", "object_repr": "Irina", "action_flag": 1, "change_message": "[{\"added\": {}}]"}}, {"model": "admin.logentry", "pk": 8, "fields": {"action_time": "2023-07-09T14:19:46.226Z", "user": 1, "content_type": 13, "object_id": "3", "object_repr": "Sasha", "action_flag": 1, "change_message": "[{\"added\": {}}]"}}, {"model": "admin.logentry", "pk": 9, "fields": {"action_time": "2023-07-09T14:20:00.240Z", "user": 1, "content_type": 12, "object_id": "8", "object_repr": "PostIdea object (8)", "action_flag": 2, "change_message": "[{\"changed\": {\"fields\": [\"\\u041f\\u0440\\u043e\\u0435\\u043a\\u0442\"]}}]"}}, {"model": "admin.logentry", "pk": 10, "fields": {"action_time": "2023-07-09T14:20:11.432Z", "user": 1, "content_type": 12, "object_id": "7", "object_repr": "PostIdea object (7)", "action_flag": 2, "change_message": "[{\"changed\": {\"fields\": [\"\\u041f\\u0440\\u043e\\u0435\\u043a\\u0442\"]}}]"}}, {"model": "admin.logentry", "pk": 11, "fields": {"action_time": "2023-07-09T14:20:17.528Z", "user": 1, "content_type": 12, "object_id": "6", "object_repr": "PostIdea object (6)", "action_flag": 2, "change_message": "[{\"changed\": {\"fields\": [\"\\u041f\\u0440\\u043e\\u0435\\u043a\\u0442\"]}}]"}}, {"model": "admin.logentry", "pk": 12, "fields": {"action_time": "2023-07-09T14:20:22.962Z", "user": 1, "content_type": 12, "object_id": "5", "object_repr": "PostIdea object (5)", "action_flag": 2, "change_message": "[{\"changed\": {\"fields\": [\"\\u041f\\u0440\\u043e\\u0435\\u043a\\u0442\"]}}]"}}, {"model": "admin.logentry", "pk": 13, "fields": {"action_time": "2023-07-09T14:20:29.543Z", "user": 1, "content_type": 12, "object_id": "4", "object_repr": "PostIdea object (4)", "action_flag": 2, "change_message": "[{\"changed\": {\"fields\": [\"\\u041f\\u0440\\u043e\\u0435\\u043a\\u0442\"]}}]"}}, {"model": "admin.logentry", "pk": 14, "fields": {"action_time": "2023-07-09T14:20:37.461Z", "user": 1, "content_type": 12, "object_id": "3", "object_repr": "PostIdea object (3)", "action_flag": 2, "change_message": "[{\"changed\": {\"fields\": [\"\\u041f\\u0440\\u043e\\u0435\\u043a\\u0442\"]}}]"}}, {"model": "admin.logentry", "pk": 15, "fields": {"action_time": "2023-07-09T14:20:42.941Z", "user": 1, "content_type": 12, "object_id": "2", "object_repr": "PostIdea object (2)", "action_flag": 2, "change_message": "[{\"changed\": {\"fields\": [\"\\u041f\\u0440\\u043e\\u0435\\u043a\\u0442\"]}}]"}}, {"model": "admin.logentry", "pk": 16, "fields": {"action_time": "2023-07-09T14:20:48.135Z", "user": 1, "content_type": 12, "object_id": "1", "object_repr": "PostIdea object (1)", "action_flag": 2, "change_message": "[{\"changed\": {\"fields\": [\"\\u041f\\u0440\\u043e\\u0435\\u043a\\u0442\"]}}]"}}, {"model": "admin.logentry", "pk": 17, "fields": {"action_time": "2023-07-12T14:49:45.341Z", "user": 1, "content_type": 12, "object_id": "40", "object_repr": "PostIdea object (40)", "action_flag": 2, "change_message": "[{\"changed\": {\"fields\": [\"\\u041f\\u0440\\u043e\\u0435\\u043a\\u0442\"]}}]"}}, {"model": "admin.logentry", "pk": 18, "fields": {"action_time": "2023-07-12T14:49:51.939Z", "user": 1, "content_type": 12, "object_id": "9", "object_repr": "PostIdea object (9)", "action_flag": 2, "change_message": "[{\"changed\": {\"fields\": [\"\\u041f\\u0440\\u043e\\u0435\\u043a\\u0442\"]}}]"}}, {"model": "admin.logentry", "pk": 19, "fields": {"action_time": "2023-07-12T14:49:57.370Z", "user": 1, "content_type": 12, "object_id": "2", "object_repr": "PostIdea object (2)", "action_flag": 2, "change_message": "[{\"changed\": {\"fields\": [\"\\u041f\\u0440\\u043e\\u0435\\u043a\\u0442\"]}}]"}}, {"model": "admin.logentry", "pk": 20, "fields": {"action_time": "2023-07-12T14:50:01.997Z", "user": 1, "content_type": 12, "object_id": "1", "object_repr": "PostIdea object (1)", "action_flag": 2, "change_message": "[{\"changed\": {\"fields\": [\"\\u041f\\u0440\\u043e\\u0435\\u043a\\u0442\"]}}]"}}, {"model": "auth.permission", "pk": 1, "fields": {"name": "Can add log entry", "content_type": 1, "codename": "add_logentry"}}, {"model": "auth.permission", "pk": 2, "fields": {"name": "Can change log entry", "content_type": 1, "codename": "change_logentry"}}, {"model": "auth.permission", "pk": 3, "fields": {"name": "Can delete log entry", "content_type": 1, "codename": "delete_logentry"}}, {"model": "auth.permission", "pk": 4, "fields": {"name": "Can view log entry", "content_type": 1, "codename": "view_logentry"}}, {"model": "auth.permission", "pk": 5, "fields": {"name": "Can add permission", "content_type": 2, "codename": "add_permission"}}, {"model": "auth.permission", "pk": 6, "fields": {"name": "Can change permission", "content_type": 2, "codename": "change_permission"}}, {"model": "auth.permission", "pk": 7, "fields": {"name": "Can delete permission", "content_type": 2, "codename": "delete_permission"}}, {"model": "auth.permission", "pk": 8, "fields": {"name": "Can view permission", "content_type": 2, "codename": "view_permission"}}, {"model": "auth.permission", "pk": 9, "fields": {"name": "Can add group", "content_type": 3, "codename": "add_group"}}, {"model": "auth.permission", "pk": 10, "fields": {"name": "Can change group", "content_type": 3, "codename": "change_group"}}, {"model": "auth.permission", "pk": 11, "fields": {"name": "Can delete group", "content_type": 3, "codename": "delete_group"}}, {"model": "auth.permission", "pk": 12, "fields": {"name": "Can view group", "content_type": 3, "codename": "view_group"}}, {"model": "auth.permission", "pk": 13, "fields": {"name": "Can add content type", "content_type": 4, "codename": "add_contenttype"}}, {"model": "auth.permission", "pk": 14, "fields": {"name": "Can change content type", "content_type": 4, "codename": "change_contenttype"}}, {"model": "auth.permission", "pk": 15, "fields": {"name": "Can delete content type", "content_type": 4, "codename": "delete_contenttype"}}, {"model": "auth.permission", "pk": 16, "fields": {"name": "Can view content type", "content_type": 4, "codename": "view_contenttype"}}, {"model": "auth.permission", "pk": 17, "fields": {"name": "Can add session", "content_type": 5, "codename": "add_session"}}, {"model": "auth.permission", "pk": 18, "fields": {"name": "Can change session", "content_type": 5, "codename": "change_session"}}, {"model": "auth.permission", "pk": 19, "fields": {"name": "Can delete session", "content_type": 5, "codename": "delete_session"}}, {"model": "auth.permission", "pk": 20, "fields": {"name": "Can view session", "content_type": 5, "codename": "view_session"}}, {"model": "auth.permission", "pk": 21, "fields": {"name": "Can add user", "content_type": 6, "codename": "add_customuser"}}, {"model": "auth.permission", "pk": 22, "fields": {"name": "Can change user", "content_type": 6, "codename": "change_customuser"}}, {"model": "auth.permission", "pk": 23, "fields": {"name": "Can delete user", "content_type": 6, "codename": "delete_customuser"}}, {"model": "auth.permission", "pk": 24, "fields": {"name": "Can view user", "content_type": 6, "codename": "view_customuser"}}, {"model": "auth.permission", "pk": 25, "fields": {"name": "Can add content type", "content_type": 7, "codename": "add_contenttype"}}, {"model": "auth.permission", "pk": 26, "fields": {"name": "Can change content type", "content_type": 7, "codename": "change_contenttype"}}, {"model": "auth.permission", "pk": 27, "fields": {"name": "Can delete content type", "content_type": 7, "codename": "delete_contenttype"}}, {"model": "auth.permission", "pk": 28, "fields": {"name": "Can view content type", "content_type": 7, "codename": "view_contenttype"}}, {"model": "auth.permission", "pk": 29, "fields": {"name": "Can add done", "content_type": 8, "codename": "add_done"}}, {"model": "auth.permission", "pk": 30, "fields": {"name": "Can change done", "content_type": 8, "codename": "change_done"}}, {"model": "auth.permission", "pk": 31, "fields": {"name": "Can delete done", "content_type": 8, "codename": "delete_done"}}, {"model": "auth.permission", "pk": 32, "fields": {"name": "Can view done", "content_type": 8, "codename": "view_done"}}, {"model": "auth.permission", "pk": 33, "fields": {"name": "Can add formats", "content_type": 9, "codename": "add_formats"}}, {"model": "auth.permission", "pk": 34, "fields": {"name": "Can change formats", "content_type": 9, "codename": "change_formats"}}, {"model": "auth.permission", "pk": 35, "fields": {"name": "Can delete formats", "content_type": 9, "codename": "delete_formats"}}, {"model": "auth.permission", "pk": 36, "fields": {"name": "Can view formats", "content_type": 9, "codename": "view_formats"}}, {"model": "auth.permission", "pk": 37, "fields": {"name": "Can add heading", "content_type": 10, "codename": "add_heading"}}, {"model": "auth.permission", "pk": 38, "fields": {"name": "Can change heading", "content_type": 10, "codename": "change_heading"}}, {"model": "auth.permission", "pk": 39, "fields": {"name": "Can delete heading", "content_type": 10, "codename": "delete_heading"}}, {"model": "auth.permission", "pk": 40, "fields": {"name": "Can view heading", "content_type": 10, "codename": "view_heading"}}, {"model": "auth.permission", "pk": 41, "fields": {"name": "Can add social network", "content_type": 11, "codename": "add_socialnetwork"}}, {"model": "auth.permission", "pk": 42, "fields": {"name": "Can change social network", "content_type": 11, "codename": "change_socialnetwork"}}, {"model": "auth.permission", "pk": 43, "fields": {"name": "Can delete social network", "content_type": 11, "codename": "delete_socialnetwork"}}, {"model": "auth.permission", "pk": 44, "fields": {"name": "Can view social network", "content_type": 11, "codename": "view_socialnetwork"}}, {"model": "auth.permission", "pk": 45, "fields": {"name": "Can add post idea", "content_type": 12, "codename": "add_postidea"}}, {"model": "auth.permission", "pk": 46, "fields": {"name": "Can change post idea", "content_type": 12, "codename": "change_postidea"}}, {"model": "auth.permission", "pk": 47, "fields": {"name": "Can delete post idea", "content_type": 12, "codename": "delete_postidea"}}, {"model": "auth.permission", "pk": 48, "fields": {"name": "Can view post idea", "content_type": 12, "codename": "view_postidea"}}, {"model": "auth.permission", "pk": 49, "fields": {"name": "Can add project", "content_type": 13, "codename": "add_project"}}, {"model": "auth.permission", "pk": 50, "fields": {"name": "Can change project", "content_type": 13, "codename": "change_project"}}, {"model": "auth.permission", "pk": 51, "fields": {"name": "Can delete project", "content_type": 13, "codename": "delete_project"}}, {"model": "auth.permission", "pk": 52, "fields": {"name": "Can view project", "content_type": 13, "codename": "view_project"}}, {"model": "contenttypes.contenttype", "pk": 1, "fields": {"app_label": "admin", "model": "logentry"}}, {"model": "contenttypes.contenttype", "pk": 2, "fields": {"app_label": "auth", "model": "permission"}}, {"model": "contenttypes.contenttype", "pk": 3, "fields": {"app_label": "auth", "model": "group"}}, {"model": "contenttypes.contenttype", "pk": 4, "fields": {"app_label": "contenttypes", "model": "contenttype"}}, {"model": "contenttypes.contenttype", "pk": 5, "fields": {"app_label": "sessions", "model": "session"}}, {"model": "contenttypes.contenttype", "pk": 6, "fields": {"app_label": "accounts", "model": "customuser"}}, {"model": "contenttypes.contenttype", "pk": 7, "fields": {"app_label": "projects", "model": "contenttype"}}, {"model": "contenttypes.contenttype", "pk": 8, "fields": {"app_label": "projects", "model": "done"}}, {"model": "contenttypes.contenttype", "pk": 9, "fields": {"app_label": "projects", "model": "formats"}}, {"model": "contenttypes.contenttype", "pk": 10, "fields": {"app_label": "projects", "model": "heading"}}, {"model": "contenttypes.contenttype", "pk": 11, "fields": {"app_label": "projects", "model": "socialnetwork"}}, {"model": "contenttypes.contenttype", "pk": 12, "fields": {"app_label": "projects", "model": "postidea"}}, {"model": "contenttypes.contenttype", "pk": 13, "fields": {"app_label": "projects", "model": "project"}}, {"model": "sessions.session", "pk": "2rrz4sr3ec58p7td38qeouilnkhwd8qb", "fields": {"session_data": ".eJxVjMEOwiAQRP-FsyGLyEI9eu83EBYWqRqalPZk_Hdp0oOeJpn3Zt7Ch20tfmu8-CmJq1Di9NtRiE-uO0iPUO-zjHNdl4nkrsiDNjnOiV-3w_07KKGVvraghpg1gh3QEIGO1gFlwzmyzcoERDwbyDZC6PCibQ-nSTlGdI7E5wvPoTdD:1qJKMY:sxhiREDJFETjLlGJmO569Yuv4KbgHWO4KKhZ8FOqslo", "expire_date": "2023-07-25T20:53:34.730Z"}}, {"model": "sessions.session", "pk": "6zrr7ablqyudldq8omvhskaev5w9voaw", "fields": {"session_data": ".eJxVjMsOwiAQRf-FtSEOj0Jduu83kGEGpGogKe3K-O_apAvd3nPOfYmA21rC1tMSZhYXAeL0u0WkR6o74DvWW5PU6rrMUe6KPGiXU-P0vB7u30HBXr611YCkTVLgNSoCYDZeJ-NgzN7YdI5MgKMmPQBHBQjO0ZCVVTkz-CzeH9F3N70:1qL6sK:lONlSnumnLEpmr_SLQQ7fFA74um0_TG9y-8pL5u66UA", "expire_date": "2023-07-30T18:53:44.074Z"}}, {"model": "sessions.session", "pk": "75ddq6ur95sf105ivl4xhfjatng5e325", "fields": {"session_data": ".eJxVjMEOwiAQRP-FsyGLyEI9eu83EBYWqRqalPZk_Hdp0oOeJpn3Zt7Ch20tfmu8-CmJq1Di9NtRiE-uO0iPUO-zjHNdl4nkrsiDNjnOiV-3w_07KKGVvraghpg1gh3QEIGO1gFlwzmyzcoERDwbyDZC6PCibQ-nSTlGdI7E5wvPoTdD:1qKFjN:1C8MD7Ifh2Y2l_yEoFtagoFyJSb22NeHgGvTbRQUpqo", "expire_date": "2023-07-28T10:08:57.273Z"}}, {"model": "sessions.session", "pk": "b5rtdp56b0utvf4w4dkse874anrh1py9", "fields": {"session_data": ".eJxVjMEOwiAQRP-FsyGLyEI9eu83EBYWqRqalPZk_Hdp0oOeJpn3Zt7Ch20tfmu8-CmJq1Di9NtRiE-uO0iPUO-zjHNdl4nkrsiDNjnOiV-3w_07KKGVvraghpg1gh3QEIGO1gFlwzmyzcoERDwbyDZC6PCibQ-nSTlGdI7E5wvPoTdD:1qL4iL:HNFnL0EdQviihKeDDLg9NDbwUKdaYBhOJz3diaDzvDQ", "expire_date": "2023-07-30T16:35:17.813Z"}}, {"model": "sessions.session", "pk": "k1wviekgfn35rc1y8u898dn7m0850ojd", "fields": {"session_data": ".eJxVjMEOwiAQRP-FsyGLyEI9eu83EBYWqRqalPZk_Hdp0oOeJpn3Zt7Ch20tfmu8-CmJq1Di9NtRiE-uO0iPUO-zjHNdl4nkrsiDNjnOiV-3w_07KKGVvraghpg1gh3QEIGO1gFlwzmyzcoERDwbyDZC6PCibQ-nSTlGdI7E5wvPoTdD:1qKy7t:5VhVg9rdu8TAwwo3c5r46O41cdd2OcnokVeR-DeWYSc", "expire_date": "2023-07-30T09:33:13.380Z"}}, {"model": "sessions.session", "pk": "nbcpapli1ijxvc9nekymb8eyc9nv2aii", "fields": {"session_data": ".eJxVjMEOwiAQRP-FsyGLyEI9eu83EBYWqRqalPZk_Hdp0oOeJpn3Zt7Ch20tfmu8-CmJq1Di9NtRiE-uO0iPUO-zjHNdl4nkrsiDNjnOiV-3w_07KKGVvraghpg1gh3QEIGO1gFlwzmyzcoERDwbyDZC6PCibQ-nSTlGdI7E5wvPoTdD:1qJCnd:UwADpvvykSzIrXwix8uXG86j4pc4VdGA_DPI_OisF3o", "expire_date": "2023-07-25T12:49:01.052Z"}}, {"model": "sessions.session", "pk": "pnb74ms47yhe76w7dtqhinegu5uipt5d", "fields": {"session_data": ".eJxVjMEOwiAQRP-FsyGLyEI9eu83EBYWqRqalPZk_Hdp0oOeJpn3Zt7Ch20tfmu8-CmJq1Di9NtRiE-uO0iPUO-zjHNdl4nkrsiDNjnOiV-3w_07KKGVvraghpg1gh3QEIGO1gFlwzmyzcoERDwbyDZC6PCibQ-nSTlGdI7E5wvPoTdD:1qJaQa:VTkCzMzlLGcaI3Iilv3C7rdvy1iZ2GmECvXAxgL3Vw4", "expire_date": "2023-07-26T14:02:48.962Z"}}, {"model": "sessions.session", "pk": "yv86szrk4jzs9zkorqs7d00lcreroqyl", "fields": {"session_data": ".eJxVjMEOwiAQRP-FsyGLyEI9eu83EBYWqRqalPZk_Hdp0oOeJpn3Zt7Ch20tfmu8-CmJq1Di9NtRiE-uO0iPUO-zjHNdl4nkrsiDNjnOiV-3w_07KKGVvraghpg1gh3QEIGO1gFlwzmyzcoERDwbyDZC6PCibQ-nSTlGdI7E5wvPoTdD:1qIW5f:MuER9Cv4aNkVh4h_mTVOdNM-q4hwpHX_fGvWrZXEJ0o", "expire_date": "2023-07-23T15:12:47.093Z"}}, {"model": "accounts.customuser", "pk": 1, "fields": {"password": "pbkdf2_sha256$600000$RCx69T03RF0sSOIKNh39Oz$hp73lzkQzYzpAH+/yEVaHbOK9fW1T5kqE2Ex6c8v6fA=", "last_login": "2023-07-16T18:53:44.073Z", "is_superuser": true, "username": "admin", "first_name": "admin", "last_name": "admin", "email": "admin@gmail.com", "is_staff": true, "is_active": true, "date_joined": "2023-07-08T14:38:10.982Z", "groups": [], "user_permissions": []}}, {"model": "accounts.customuser", "pk": 2, "fields": {"password": "pbkdf2_sha256$600000$RCx69T03RF0sSOIKNh39Oz$hp73lzkQzYzpAH+/yEVaHbOK9fW1T5kqE2Ex6c8v6fA=", "last_login": "2023-07-09T13:41:32.163Z", "is_superuser": false, "username": "testuser1", "first_name": "test", "last_name": "user", "email": "testuser1@gmail.com", "is_staff": false, "is_active": true, "date_joined": "2023-07-08T14:38:10.982Z", "groups": [], "user_permissions": []}}, {"model": "accounts.customuser", "pk": 3, "fields": {"password": "pbkdf2_sha256$600000$RCx69T03RF0sSOIKNh39Oz$hp73lzkQzYzpAH+/yEVaHbOK9fW1T5kqE2Ex6c8v6fA=", "last_login": null, "is_superuser": false, "username": "testuser2", "first_name": "test", "last_name": "user", "email": "testuser2@gmail.com", "is_staff": false, "is_active": true, "date_joined": "2023-07-08T14:38:10.982Z", "groups": [], "user_permissions": []}}, {"model": "accounts.customuser", "pk": 4, "fields": {"password": "pbkdf2_sha256$600000$Yy7pghewPdvZswkBIzjtda$7s319fFW5Cbg2FSXAmWNZnKhLeHE9meFcCeJEDxpEyI=", "last_login": "2023-07-09T09:04:18.397Z", "is_superuser": false, "username": "test", "first_name": "", "last_name": "", "email": "test@gmail.com", "is_staff": false, "is_active": true, "date_joined": "2023-07-09T09:04:13.279Z", "groups": [], "user_permissions": []}}, {"model": "projects.formats", "pk": 1, "fields": {"format": "Карусель"}}, {"model": "projects.formats", "pk": 2, "fields": {"format": "Кружочек"}}, {"model": "projects.formats", "pk": 3, "fields": {"format": "Пост"}}, {"model": "projects.formats", "pk": 4, "fields": {"format": "Рилз"}}, {"model": "projects.formats", "pk": 5, "fields": {"format": "Сториз"}}, {"model": "projects.done", "pk": 1, "fields": {"is_done": "Да"}}, {"model": "projects.done", "pk": 2, "fields": {"is_done": "Нет"}}, {"model": "projects.done", "pk": 3, "fields": {"is_done": "В процессе"}}, {"model": "projects.socialnetwork", "pk": 1, "fields": {"social_network_name": "Facebook"}}, {"model": "projects.socialnetwork", "pk": 2, "fields": {"social_network_name": "Instagram"}}, {"model": "projects.socialnetwork", "pk": 3, "fields": {"social_network_name": "Pinterest"}}, {"model": "projects.socialnetwork", "pk": 4, "fields": {"social_network_name": "Telegram"}}, {"model": "projects.socialnetwork", "pk": 5, "fields": {"social_network_name": "TikTok"}}, {"model": "projects.socialnetwork", "pk": 6, "fields": {"social_network_name": "Twitter"}}, {"model": "projects.socialnetwork", "pk": 7, "fields": {"social_network_name": "VK"}}, {"model": "projects.socialnetwork", "pk": 8, "fields": {"social_network_name": "Youtube"}}, {"model": "projects.socialnetwork", "pk": 9, "fields": {"social_network_name": "Одноклассники"}}, {"model": "projects.heading", "pk": 1, "fields": {"heading": "Кейсы"}}, {"model": "projects.heading", "pk": 2, "fields": {"heading": "Лайфстайл"}}, {"model": "projects.heading", "pk": 3, "fields": {"heading": "Услуги"}}, {"model": "projects.contenttype", "pk": 1, "fields": {"content_type": "Коммуникационный"}}, {"model": "projects.contenttype", "pk": 2, "fields": {"content_type": "Образовательный"}}, {"model": "projects.contenttype", "pk": 3, "fields": {"content_type": "Продуктовый"}}, {"model": "projects.contenttype", "pk": 4, "fields": {"content_type": "Развлекательный"}}, {"model": "projects.contenttype", "pk": 5, "fields": {"content_type": "Репутационный"}}, {"model": "projects.contenttype", "pk": 6, "fields": {"content_type": "Смешанный"}}, {"model": "projects.project", "pk": 1, "fields": {"name": "Etika", "author": 1}}, {"model": "projects.project", "pk": 2, "fields": {"name": "Irina", "author": 1}}, {"model": "projects.project", "pk": 3, "fields": {"name": "Sasha", "author": 1}}, {"model": "projects.postidea", "pk": 1, "fields": {"theme": "theme 1", "short_description": "short description 1", "full_description": "", "publish_date": "2023-07-08", "hashtags": null, "geolocation": null, "references": "", "inventory": "", "to_do_list": "", "notes": "", "author": 1, "project": 2, "heading": null, "content_type": null, "social_network": null, "format": 1, "is_done": 1}}, {"model": "projects.postidea", "pk": 2, "fields": {"theme": "theme 2", "short_description": "short description 2", "full_description": "", "publish_date": "2023-07-09", "hashtags": null, "geolocation": null, "references": "", "inventory": "", "to_do_list": "", "notes": "", "author": 1, "project": 2, "heading": null, "content_type": null, "social_network": null, "format": 2, "is_done": 1}}, {"model": "projects.postidea", "pk": 3, "fields": {"theme": "свободная лепка и глазуровка на этой неделе: 4 и 8 июля", "short_description": "short description 3", "full_description": "", "publish_date": "2023-07-10", "hashtags": null, "geolocation": null, "references": "", "inventory": "", "to_do_list": "", "notes": "", "author": 1, "project": 2, "heading": 2, "content_type": 2, "social_network": 1, "format": 3, "is_done": 2}}, {"model": "projects.postidea", "pk": 4, "fields": {"theme": "theme 4", "short_description": "short description 4", "full_description": "", "publish_date": "2023-07-11", "hashtags": null, "geolocation": null, "references": "", "inventory": "", "to_do_list": "", "notes": "", "author": 1, "project": 3, "heading": 2, "content_type": 6, "social_network": 4, "format": 4, "is_done": 2}}, {"model": "projects.postidea", "pk": 5, "fields": {"theme": "theme 5", "short_description": "short description 5", "full_description": "", "publish_date": "2023-07-13", "hashtags": null, "geolocation": null, "references": "", "inventory": "", "to_do_list": "", "notes": "", "author": 1, "project": 3, "heading": 1, "content_type": 2, "social_network": 2, "format": 5, "is_done": 3}}, {"model": "projects.postidea", "pk": 6, "fields": {"theme": "Сегодня в нашей студии проходит индивидуальное занятие", "short_description": "short description 6", "full_description": "", "publish_date": "2023-07-15", "hashtags": null, "geolocation": null, "references": "", "inventory": "", "to_do_list": "", "notes": "", "author": 1, "project": 3, "heading": 3, "content_type": 5, "social_network": 6, "format": 3, "is_done": 2}}, {"model": "projects.postidea", "pk": 7, "fields": {"theme": "theme 7", "short_description": "short description 7", "full_description": "", "publish_date": "2023-07-15", "hashtags": null, "geolocation": null, "references": "", "inventory": "", "to_do_list": "", "notes": "", "author": 1, "project": 2, "heading": 2, "content_type": 3, "social_network": 7, "format": 1, "is_done": 2}}, {"model": "projects.postidea", "pk": 8, "fields": {"theme": "theme 8", "short_description": "short description 8", "full_description": "", "publish_date": "2023-07-17", "hashtags": null, "geolocation": null, "references": "", "inventory": "", "to_do_list": "", "notes": "", "author": 1, "project": 2, "heading": null, "content_type": null, "social_network": null, "format": 2, "is_done": 3}}, {"model": "projects.postidea", "pk": 9, "fields": {"theme": "theme 9", "short_description": "short description 9", "full_description": "", "publish_date": "2023-07-18", "hashtags": null, "geolocation": null, "references": "", "inventory": "", "to_do_list": "", "notes": "", "author": 1, "project": 3, "heading": null, "content_type": null, "social_network": null, "format": 3, "is_done": 2}}, {"model": "projects.postidea", "pk": 10, "fields": {"theme": "theme 10", "short_description": "short description 10", "full_description": "", "publish_date": "2023-07-23", "hashtags": null, "geolocation": null, "references": "", "inventory": "", "to_do_list": "", "notes": "", "author": 1, "project": 1, "heading": null, "content_type": null, "social_network": null, "format": 4, "is_done": 2}}, {"model": "projects.postidea", "pk": 11, "fields": {"theme": "theme 11", "short_description": "short description 11", "full_description": "", "publish_date": "2023-07-24", "hashtags": null, "geolocation": null, "references": "", "inventory": "", "to_do_list": "", "notes": "", "author": 1, "project": 1, "heading": null, "content_type": null, "social_network": null, "format": 5, "is_done": 3}}, {"model": "projects.postidea", "pk": 12, "fields": {"theme": "theme 12", "short_description": "short description 12", "full_description": "", "publish_date": "2023-07-26", "hashtags": null, "geolocation": null, "references": "", "inventory": "", "to_do_list": "", "notes": "", "author": 1, "project": 1, "heading": null, "content_type": null, "social_network": null, "format": 2, "is_done": 2}}, {"model": "projects.postidea", "pk": 14, "fields": {"theme": "theme 1", "short_description": "short description 1", "full_description": null, "publish_date": "2023-07-08", "hashtags": null, "geolocation": null, "references": null, "inventory": null, "to_do_list": null, "notes": null, "author": 2, "project": null, "heading": null, "content_type": null, "social_network": null, "format": 1, "is_done": 1}}, {"model": "projects.postidea", "pk": 15, "fields": {"theme": "theme 2", "short_description": "short description 2", "full_description": null, "publish_date": "2023-07-09", "hashtags": null, "geolocation": null, "references": null, "inventory": null, "to_do_list": null, "notes": null, "author": 2, "project": null, "heading": null, "content_type": null, "social_network": null, "format": 2, "is_done": 2}}, {"model": "projects.postidea", "pk": 16, "fields": {"theme": "theme 3", "short_description": "short description 3", "full_description": null, "publish_date": "2023-07-10", "hashtags": null, "geolocation": null, "references": null, "inventory": null, "to_do_list": null, "notes": null, "author": 2, "project": null, "heading": null, "content_type": null, "social_network": null, "format": 3, "is_done": 2}}, {"model": "projects.postidea", "pk": 17, "fields": {"theme": "theme 4", "short_description": "short description 4", "full_description": null, "publish_date": "2023-07-11", "hashtags": null, "geolocation": null, "references": null, "inventory": null, "to_do_list": null, "notes": null, "author": 2, "project": null, "heading": null, "content_type": null, "social_network": null, "format": 4, "is_done": 2}}, {"model": "projects.postidea", "pk": 18, "fields": {"theme": "theme 5", "short_description": "short description 5", "full_description": null, "publish_date": "2023-07-13", "hashtags": null, "geolocation": null, "references": null, "inventory": null, "to_do_list": null, "notes": null, "author": 2, "project": null, "heading": null, "content_type": null, "social_network": null, "format": 5, "is_done": 3}}, {"model": "projects.postidea", "pk": 19, "fields": {"theme": "theme 6", "short_description": "short description 6", "full_description": null, "publish_date": "2023-07-15", "hashtags": null, "geolocation": null, "references": null, "inventory": null, "to_do_list": null, "notes": null, "author": 2, "project": null, "heading": null, "content_type": null, "social_network": null, "format": 5, "is_done": 2}}, {"model": "projects.postidea", "pk": 20, "fields": {"theme": "theme 7", "short_description": "short description 7", "full_description": null, "publish_date": "2023-07-15", "hashtags": null, "geolocation": null, "references": null, "inventory": null, "to_do_list": null, "notes": null, "author": 2, "project": null, "heading": null, "content_type": null, "social_network": null, "format": 1, "is_done": 2}}, {"model": "projects.postidea", "pk": 21, "fields": {"theme": "theme 8", "short_description": "short description 8", "full_description": null, "publish_date": "2023-07-17", "hashtags": null, "geolocation": null, "references": null, "inventory": null, "to_do_list": null, "notes": null, "author": 2, "project": null, "heading": null, "content_type": null, "social_network": null, "format": 2, "is_done": 3}}, {"model": "projects.postidea", "pk": 22, "fields": {"theme": "theme 9", "short_description": "short description 9", "full_description": null, "publish_date": "2023-07-18", "hashtags": null, "geolocation": null, "references": null, "inventory": null, "to_do_list": null, "notes": null, "author": 2, "project": null, "heading": null, "content_type": null, "social_network": null, "format": 3, "is_done": 3}}, {"model": "projects.postidea", "pk": 23, "fields": {"theme": "theme 10", "short_description": "short description 10", "full_description": null, "publish_date": "2023-07-23", "hashtags": null, "geolocation": null, "references": null, "inventory": null, "to_do_list": null, "notes": null, "author": 2, "project": null, "heading": null, "content_type": null, "social_network": null, "format": 4, "is_done": 2}}, {"model": "projects.postidea", "pk": 24, "fields": {"theme": "theme 11", "short_description": "short description 11", "full_description": null, "publish_date": "2023-07-24", "hashtags": null, "geolocation": null, "references": null, "inventory": null, "to_do_list": null, "notes": null, "author": 2, "project": null, "heading": null, "content_type": null, "social_network": null, "format": 5, "is_done": 3}}, {"model": "projects.postidea", "pk": 25, "fields": {"theme": "theme 12", "short_description": "short description 12", "full_description": null, "publish_date": "2023-07-26", "hashtags": null, "geolocation": null, "references": null, "inventory": null, "to_do_list": null, "notes": null, "author": 2, "project": null, "heading": null, "content_type": null, "social_network": null, "format": 3, "is_done": 2}}, {"model": "projects.postidea", "pk": 26, "fields": {"theme": "theme 13", "short_description": "short description 13", "full_description": null, "publish_date": "2023-07-30", "hashtags": null, "geolocation": null, "references": null, "inventory": null, "to_do_list": null, "notes": null, "author": 2, "project": null, "heading": null, "content_type": null, "social_network": null, "format": 1, "is_done": 2}}, {"model": "projects.postidea", "pk": 27, "fields": {"theme": "theme 1", "short_description": "short description 1", "full_description": null, "publish_date": "2023-07-08", "hashtags": null, "geolocation": null, "references": null, "inventory": null, "to_do_list": null, "notes": null, "author": 3, "project": null, "heading": null, "content_type": null, "social_network": null, "format": 1, "is_done": 1}}, {"model": "projects.postidea", "pk": 28, "fields": {"theme": "theme 2", "short_description": "short description 2", "full_description": null, "publish_date": "2023-07-09", "hashtags": null, "geolocation": null, "references": null, "inventory": null, "to_do_list": null, "notes": null, "author": 3, "project": null, "heading": null, "content_type": null, "social_network": null, "format": 2, "is_done": 2}}, {"model": "projects.postidea", "pk": 29, "fields": {"theme": "theme 3", "short_description": "short description 3", "full_description": null, "publish_date": "2023-07-10", "hashtags": null, "geolocation": null, "references": null, "inventory": null, "to_do_list": null, "notes": null, "author": 3, "project": null, "heading": null, "content_type": null, "social_network": null, "format": 3, "is_done": 2}}, {"model": "projects.postidea", "pk": 30, "fields": {"theme": "theme 4", "short_description": "short description 4", "full_description": null, "publish_date": "2023-07-11", "hashtags": null, "geolocation": null, "references": null, "inventory": null, "to_do_list": null, "notes": null, "author": 3, "project": null, "heading": null, "content_type": null, "social_network": null, "format": 4, "is_done": 2}}, {"model": "projects.postidea", "pk": 31, "fields": {"theme": "theme 5", "short_description": "short description 5", "full_description": null, "publish_date": "2023-07-13", "hashtags": null, "geolocation": null, "references": null, "inventory": null, "to_do_list": null, "notes": null, "author": 3, "project": null, "heading": null, "content_type": null, "social_network": null, "format": 5, "is_done": 3}}, {"model": "projects.postidea", "pk": 32, "fields": {"theme": "theme 6", "short_description": "short description 6", "full_description": null, "publish_date": "2023-07-15", "hashtags": null, "geolocation": null, "references": null, "inventory": null, "to_do_list": null, "notes": null, "author": 3, "project": null, "heading": null, "content_type": null, "social_network": null, "format": 1, "is_done": 2}}, {"model": "projects.postidea", "pk": 33, "fields": {"theme": "theme 7", "short_description": "short description 7", "full_description": null, "publish_date": "2023-07-15", "hashtags": null, "geolocation": null, "references": null, "inventory": null, "to_do_list": null, "notes": null, "author": 3, "project": null, "heading": null, "content_type": null, "social_network": null, "format": 1, "is_done": 2}}, {"model": "projects.postidea", "pk": 34, "fields": {"theme": "theme 8", "short_description": "short description 8", "full_description": null, "publish_date": "2023-07-17", "hashtags": null, "geolocation": null, "references": null, "inventory": null, "to_do_list": null, "notes": null, "author": 3, "project": null, "heading": null, "content_type": null, "social_network": null, "format": 2, "is_done": 3}}, {"model": "projects.postidea", "pk": 35, "fields": {"theme": "theme 9", "short_description": "short description 9", "full_description": null, "publish_date": "2023-07-18", "hashtags": null, "geolocation": null, "references": null, "inventory": null, "to_do_list": null, "notes": null, "author": 3, "project": null, "heading": null, "content_type": null, "social_network": null, "format": 3, "is_done": 3}}, {"model": "projects.postidea", "pk": 36, "fields": {"theme": "theme 10", "short_description": "short description 10", "full_description": null, "publish_date": "2023-07-23", "hashtags": null, "geolocation": null, "references": null, "inventory": null, "to_do_list": null, "notes": null, "author": 3, "project": null, "heading": null, "content_type": null, "social_network": null, "format": 4, "is_done": 2}}, {"model": "projects.postidea", "pk": 37, "fields": {"theme": "theme 11", "short_description": "short description 11", "full_description": null, "publish_date": "2023-07-24", "hashtags": null, "geolocation": null, "references": null, "inventory": null, "to_do_list": null, "notes": null, "author": 3, "project": null, "heading": null, "content_type": null, "social_network": null, "format": 5, "is_done": 3}}, {"model": "projects.postidea", "pk": 38, "fields": {"theme": "theme 12", "short_description": "short description 12", "full_description": null, "publish_date": "2023-07-26", "hashtags": null, "geolocation": null, "references": null, "inventory": null, "to_do_list": null, "notes": null, "author": 3, "project": null, "heading": null, "content_type": null, "social_network": null, "format": 3, "is_done": 2}}, {"model": "projects.postidea", "pk": 39, "fields": {"theme": "theme 13", "short_description": "short description 13", "full_description": null, "publish_date": "2023-07-30", "hashtags": null, "geolocation": null, "references": null, "inventory": null, "to_do_list": null, "notes": null, "author": 3, "project": null, "heading": null, "content_type": null, "social_network": null, "format": 1, "is_done": 2}}, {"model": "projects.postidea", "pk": 40, "fields": {"theme": "321", "short_description": "321", "full_description": "", "publish_date": "2023-07-09", "hashtags": null, "geolocation": null, "references": "", "inventory": "", "to_do_list": "", "notes": "", "author": 1, "project": 2, "heading": null, "content_type": null, "social_network": null, "format": 2, "is_done": 1}}, {"model": "projects.postidea", "pk": 41, "fields": {"theme": "Project test", "short_description": "Etika project idea", "full_description": "", "publish_date": "2023-07-19", "hashtags": null, "geolocation": null, "references": "", "inventory": "", "to_do_list": "", "notes": "", "author": 1, "project": 1, "heading": null, "content_type": null, "social_network": null, "format": 3, "is_done": 2}}, {"model": "projects.postidea", "pk": 42, "fields": {"theme": "стол dal из алюминия", "short_description": "pagination", "full_description": "", "publish_date": "2023-07-13", "hashtags": null, "geolocation": null, "references": "", "inventory": "", "to_do_list": "", "notes": "", "author": 1, "project": 2, "heading": 3, "content_type": 3, "social_network": 5, "format": 2, "is_done": 2}}, {"model": "projects.postidea", "pk": 43, "fields": {"theme": "novaia idea", "short_description": "descr", "full_description": "", "publish_date": "2023-07-07", "hashtags": null, "geolocation": null, "references": "", "inventory": "", "to_do_list": "", "notes": "", "author": 1, "project": null, "heading": null, "content_type": null, "social_network": null, "format": 2, "is_done": 2}}, {"model": "projects.postidea", "pk": 44, "fields": {"theme": "132", "short_description": "312", "full_description": "", "publish_date": "2023-07-27", "hashtags": null, "geolocation": null, "references": "", "inventory": "", "to_do_list": "", "notes": "", "author": 1, "project": 2, "heading": null, "content_type": null, "social_network": null, "format": 1, "is_done": 2}}, {"model": "projects.postidea", "pk": 45, "fields": {"theme": "свободная лепка и глазуровка на этой неделе: 4 и 8 июля", "short_description": "afsd", "full_description": "", "publish_date": "2023-06-30", "hashtags": null, "geolocation": null, "references": "", "inventory": "", "to_do_list": "", "notes": "", "author": 1, "project": 1, "heading": null, "content_type": null, "social_network": null, "format": 2, "is_done": 3}}, {"model": "projects.postidea", "pk": 46, "fields": {"theme": "third post", "short_description": "third post for the day", "full_description": "", "publish_date": "2023-07-13", "hashtags": null, "geolocation": null, "references": "", "inventory": "", "to_do_list": "", "notes": "", "author": 1, "project": 1, "heading": 3, "content_type": 4, "social_network": 8, "format": 1, "is_done": 2}}, {"model": "projects.postidea", "pk": 47, "fields": {"theme": "4 post", "short_description": "fas", "full_description": "", "publish_date": "2023-07-13", "hashtags": null, "geolocation": null, "references": "", "inventory": "", "to_do_list": "", "notes": "", "author": 1, "project": 1, "heading": 1, "content_type": 1, "social_network": 2, "format": 2, "is_done": 2}}]